{
	"info": {
		"_postman_id": "780713e2-a6ae-4e77-a7ac-843ab9e3913c",
		"name": "books",
		"schema": "https://schema.getpostman.com/json/collection/v2.1.0/collection.json"
	},
	"item": [
		{
			"name": "banner",
			"item": [
				{
					"name": "create banner",
					"request": {
						"method": "POST",
						"header": [],
						"body": {
							"mode": "raw",
							"raw": "{\r\n    \"image\":\"https://cscartindia.com/wp-content/uploads/2016/09/PG-Direct-Shop-Books-Banner-1600x400.jpg\"\r\n}",
							"options": {
								"raw": {
									"language": "json"
								}
							}
						},
						"url": {
							"raw": "http://localhost:5000/api/banner",
							"protocol": "http",
							"host": [
								"localhost"
							],
							"port": "5000",
							"path": [
								"api",
								"banner"
							]
						}
					},
					"response": []
				},
				{
					"name": "get banner",
					"request": {
						"method": "GET",
						"header": [],
						"url": {
							"raw": "http://localhost:5000/api/banner",
							"protocol": "http",
							"host": [
								"localhost"
							],
							"port": "5000",
							"path": [
								"api",
								"banner"
							]
						}
					},
					"response": []
				},
				{
					"name": "update banner",
					"request": {
						"method": "PUT",
						"header": [],
						"body": {
							"mode": "raw",
							"raw": "{\r\n    \"image\":\"https://static.vecteezy.com/system/resources/previews/002/294/871/non_2x/reading-book-web-banner-design-open-book-with-stack-of-books-header-or-footer-banner-illustration-free-vector.jpg\"\r\n}",
							"options": {
								"raw": {
									"language": "json"
								}
							}
						},
						"url": {
							"raw": "http://localhost:5000/api/banner/60d434c940112a299cff83b1",
							"protocol": "http",
							"host": [
								"localhost"
							],
							"port": "5000",
							"path": [
								"api",
								"banner",
								"60d434c940112a299cff83b1"
							],
							"query": [
								{
									"key": "",
									"value": "60d453725b238c2960919316?",
									"disabled": true
								}
							]
						}
					},
					"response": []
				},
				{
					"name": "delete banner",
					"request": {
						"method": "DELETE",
						"header": [],
						"url": {
							"raw": "http://localhost:5000/api/banner/60d4376db4a83c103cb18057",
							"protocol": "http",
							"host": [
								"localhost"
							],
							"port": "5000",
							"path": [
								"api",
								"banner",
								"60d4376db4a83c103cb18057"
							]
						}
					},
					"response": []
				}
			]
		},
		{
			"name": "register / login",
			"item": [
				{
					"name": "register",
					"request": {
						"method": "POST",
						"header": [],
						"body": {
							"mode": "raw",
							"raw": "{\r\n    \"firstName\":\"logesh\",\r\n    \"lastName\":\"kumar\",\r\n    \"email\":\"logeshkumar499@gmail.com\",\r\n    \"password\":\"12345678\"\r\n}",
							"options": {
								"raw": {
									"language": "json"
								}
							}
						},
						"url": {
							"raw": "http://localhost:5000/api/register",
							"protocol": "http",
							"host": [
								"localhost"
							],
							"port": "5000",
							"path": [
								"api",
								"register"
							]
						}
					},
					"response": []
				},
				{
					"name": "login",
					"request": {
						"method": "POST",
						"header": [],
						"body": {
							"mode": "raw",
							"raw": "{\r\n    \"email\":\"logeshkumar499@gmail.com\",\r\n    \"password\":\"12345678\"\r\n}",
							"options": {
								"raw": {
									"language": "json"
								}
							}
						},
						"url": {
							"raw": "http://localhost:5000/api/login",
							"protocol": "http",
							"host": [
								"localhost"
							],
							"port": "5000",
							"path": [
								"api",
								"login"
							]
						}
					},
					"response": []
				}
			]
		},
		{
			"name": "profile",
			"item": [
				{
					"name": "profile",
					"request": {
						"method": "GET",
						"header": [
							{
								"key": "Authorization",
								"value": "eyJhbGciOiJIUzI1NiIsInR5cCI6IkpXVCJ9.eyJfaWQiOiI2MGQ0MzkwODhmOWJjYjI4NDBkNmU2ZWQiLCJlbWFpbCI6ImxvZ2VzaGt1bWFyNDk4QGdtYWlsLmNvbSIsImlhdCI6MTYyNDUyMTMxOSwiZXhwIjoxNjI0NzY2MTE5fQ.TYF5GttY8D2Is5gkCvctUGo2EIcEl-c9X_tAn8D87tE",
								"type": "text"
							}
						],
						"url": {
							"raw": "http://localhost:5000/api/profile",
							"protocol": "http",
							"host": [
								"localhost"
							],
							"port": "5000",
							"path": [
								"api",
								"profile"
							]
						}
					},
					"response": []
				},
				{
					"name": "profile update",
					"request": {
						"method": "PUT",
						"header": [
							{
								"key": "Authorization",
								"value": "eyJhbGciOiJIUzI1NiIsInR5cCI6IkpXVCJ9.eyJfaWQiOiI2MGQ0MzkwODhmOWJjYjI4NDBkNmU2ZWQiLCJlbWFpbCI6ImxvZ2VzaGt1bWFyNDk4QGdtYWlsLmNvbSIsImlhdCI6MTYyNDUyMTMxOSwiZXhwIjoxNjI0NzY2MTE5fQ.TYF5GttY8D2Is5gkCvctUGo2EIcEl-c9X_tAn8D87tE",
								"type": "text"
							}
						],
						"body": {
							"mode": "raw",
							"raw": "{\r\n    \"firstName\":\"logesh\",\r\n    \"lastName\":\"kumar\",\r\n    \"email\":\"logeshkumar498@gmail.com\",\r\n    \"password\":\"12345678\"\r\n}",
							"options": {
								"raw": {
									"language": "json"
								}
							}
						},
						"url": {
							"raw": "http://localhost:5000/api/profileUpdate",
							"protocol": "http",
							"host": [
								"localhost"
							],
							"port": "5000",
							"path": [
								"api",
								"profileUpdate"
							]
						}
					},
					"response": []
				}
			]
		},
		{
			"name": "gallery",
			"item": [
				{
					"name": "create gallery",
					"request": {
						"method": "POST",
						"header": [
							{
								"key": "Authorization",
								"value": "eyJhbGciOiJIUzI1NiIsInR5cCI6IkpXVCJ9.eyJfaWQiOiI2MGQ0MzkwODhmOWJjYjI4NDBkNmU2ZWQiLCJlbWFpbCI6ImxvZ2VzaGt1bWFyNDk4QGdtYWlsLmNvbSIsImlhdCI6MTYyNDUyMTMxOSwiZXhwIjoxNjI0NzY2MTE5fQ.TYF5GttY8D2Is5gkCvctUGo2EIcEl-c9X_tAn8D87tE",
								"type": "text"
							}
						],
						"body": {
							"mode": "raw",
							"raw": "{\r\n    \"image\":\"https://lh3.googleusercontent.com/proxy/oEWfyAstK8Ocrkm-qHttgKWUenchhK8ZyXMv9t_cWvVoPodkPhHVHgcsUWdxeXluN-HbZLpMZoHKTZ-Da5FG3DKDEAizBwK9L0vOw6-YPnJNj_EPBA6zJFcGfbRlHwbqzMVjhjkNDGNgyLexwZ1JIIOr2fhQK9Glow\"\r\n}",
							"options": {
								"raw": {
									"language": "json"
								}
							}
						},
						"url": {
							"raw": "http://localhost:5000/api/gallery",
							"protocol": "http",
							"host": [
								"localhost"
							],
							"port": "5000",
							"path": [
								"api",
								"gallery"
							]
						}
					},
					"response": []
				}
			]
		},
		{
			"name": "product",
			"item": [
				{
					"name": "createProduct",
					"request": {
						"method": "POST",
						"header": [
							{
								"key": "Authorization",
								"value": "eyJhbGciOiJIUzI1NiIsInR5cCI6IkpXVCJ9.eyJfaWQiOiI2MGQ1YzhlMGI1ZmQ3MTA2ZmM0NzEyYWYiLCJlbWFpbCI6ImxvZ2VzaGt1bWFyNDk5QGdtYWlsLmNvbSIsImlhdCI6MTYyNDYzODEzMiwiZXhwIjoxNjI0ODgyOTMyfQ.DW1VOwUWFA-fRB_gkqZJilzMO7_9cemhI3vFf6PY2Us",
								"type": "text"
							}
						],
						"body": {
							"mode": "raw",
							"raw": "{\r\n    \"image\":\"https://i.gr-assets.com/images/S/compressed.photo.goodreads.com/books/1375293530l/5852104.jpg\",\r\n    \"title\":\"The Dancing Partner: Clocks\",\r\n    \"author\":\"Jerome K. Jerome\",\r\n    \"price\":650,\r\n    \"book_code\":1,\r\n    \"published_year\":\"1859-1927\",\r\n    \"series\": \"Comedy\",\r\n    \"book_details\": \"Most famous for his classic, comic novel Three Men in a Boat (1889), which describes a rowing holiday on the Thames enjoyed by three men and their dog, Jerome K. Jerome first published The Dancing Partner three years later in Novel Notes. It is about as black as humour can get. An inventor creates a machine that can dance with all the girls at new society balls, but the results are far from satisfactory. Still in mechanical vain, this edition includes Jerome's little-known short, comic essay, Clocks..\"\r\n}",
							"options": {
								"raw": {
									"language": "json"
								}
							}
						},
						"url": {
							"raw": "http://localhost:5000/api/product",
							"protocol": "http",
							"host": [
								"localhost"
							],
							"port": "5000",
							"path": [
								"api",
								"product"
							]
						}
					},
					"response": []
				},
				{
					"name": "getproduct",
					"request": {
						"method": "POST",
						"header": [],
						"body": {
							"mode": "raw",
							"raw": "",
							"options": {
								"raw": {
									"language": "json"
								}
							}
						},
						"url": {
							"raw": "http://localhost:5000/api/getproduct",
							"protocol": "http",
							"host": [
								"localhost"
							],
							"port": "5000",
							"path": [
								"api",
								"getproduct"
							]
						}
					},
					"response": []
				},
				{
					"name": "getallproduct",
					"request": {
						"method": "GET",
						"header": [],
						"url": {
							"raw": "http://localhost:5000/api/getallproduct",
							"protocol": "http",
							"host": [
								"localhost"
							],
							"port": "5000",
							"path": [
								"api",
								"getallproduct"
							]
						}
					},
					"response": []
				},
				{
					"name": "productdetail",
					"request": {
						"method": "GET",
						"header": [],
						"url": {
							"raw": "http://localhost:5000/api/productdetail/60d44c2736c4fd132867c6b3",
							"protocol": "http",
							"host": [
								"localhost"
							],
							"port": "5000",
							"path": [
								"api",
								"productdetail",
								"60d44c2736c4fd132867c6b3"
							]
						}
					},
					"response": []
				},
				{
					"name": "update product",
					"request": {
						"method": "PUT",
						"header": [
							{
								"key": "Authorization",
								"value": "eyJhbGciOiJIUzI1NiIsInR5cCI6IkpXVCJ9.eyJfaWQiOiI2MGQ0MzkwODhmOWJjYjI4NDBkNmU2ZWQiLCJlbWFpbCI6ImxvZ2VzaGt1bWFyNDk4QGdtYWlsLmNvbSIsImlhdCI6MTYyNDUyMTMxOSwiZXhwIjoxNjI0NzY2MTE5fQ.TYF5GttY8D2Is5gkCvctUGo2EIcEl-c9X_tAn8D87tE",
								"type": "text",
								"disabled": true
							}
						],
						"body": {
							"mode": "raw",
							"raw": "{\r\n    \"image\":\"https://books.google.co.in/books/content?id=lbypOgAACAAJ&printsec=frontcover&img=1&zoom=1&imgtk=AFLRE72XlqALBcZRmp6p3ull11zERq729m4L-9X48b861aU3eDDEUDfGObMUXpHG4e1hRLWjf0Alv4gePzeerQKHRpBYz6emSRcDD4xNZIy0Oo7EGel65TEymBO70UCA6vDSJCyxpUyN\",\r\n    \"title\":\"Murder!!!\",\r\n    \"author\":\"Arnold Bennett\",\r\n    \"price\":550,\r\n    \"book_code\":\"Book-001\",\r\n    \"published_year\":\"1867-1931\",\r\n    \"series\": \"Crime\",\r\n    \"book_details\": \"Two men meet in a seaside resort. What follows is murder. What's discovered isn't all it seems to be... Arnold Bennett was born in 1867. He wrote an influential book column for the Evening Standard from 1926 until his death in London in 1931. He was a great admirer of the French realists and his most successful novels, Clayhanger, Hilda Lessways, and These Twain, set in his native Staffordshire, show the literary influence of Flaubert and Balzac on his work. He also wrote plays and essays, as well as many short stories.\"\r\n}",
							"options": {
								"raw": {
									"language": "json"
								}
							}
						},
						"url": {
							"raw": "http://localhost:5000/api/updateProduct/60d44c2736c4fd132867c6b3",
							"protocol": "http",
							"host": [
								"localhost"
							],
							"port": "5000",
							"path": [
								"api",
								"updateProduct",
								"60d44c2736c4fd132867c6b3"
							]
						}
					},
					"response": []
				},
				{
					"name": "delete product",
					"request": {
						"method": "DELETE",
						"header": [],
						"url": {
							"raw": "http://localhost:5000/api/productdetail/60d44c2736c4fd132867c6b3",
							"protocol": "http",
							"host": [
								"localhost"
							],
							"port": "5000",
							"path": [
								"api",
								"productdetail",
								"60d44c2736c4fd132867c6b3"
							]
						}
					},
					"response": []
				}
			]
		}
	]
}